Front,Back,Tags
Define industrial hygiene.,"The science and art devoted to the anticipation, recognition, evaluation, and control of workplace environmental factors or stresses that may cause sickness, impaired health/well-being, or significant discomfort.

Reference: p. 3 — Fundamentals of Industrial Hygiene, 5th ed. (2002).",CH01 CIH_BasicScience Concept
What are the four classic steps of industrial hygiene practice?,"Anticipation, recognition, evaluation, and control.

Reference: p. 3 — Fundamentals of Industrial Hygiene, 5th ed. (2002).",CH01 CIH_IHProgram Concept
What is the primary focus of an industrial hygienist?,"Control of environmental stresses or occupational health hazards arising from or during work.

Reference: p. 3 — Fundamentals of Industrial Hygiene, 5th ed. (2002).",CH01 CIH_WorkEnvironments Concept
Name four broad categories of occupational health hazards identified in the book.,"Chemical, physical, ergonomic, and biological hazards.

Reference: pp. 6–7 — Fundamentals of Industrial Hygiene, 5th ed. (2002).",CH01 CIH_BasicScience Concept
What are the three major routes of entry for harmful agents discussed in Chapter 1?,"Inhalation, absorption, and ingestion.

Reference: p. 20 — Fundamentals of Industrial Hygiene, 5th ed. (2002).",CH01 CIH_BasicScience Concept
What is a TLV-TWA?,"The time-weighted average concentration for a conventional 8-hour workday and 40-hour workweek to which nearly all workers may be repeatedly exposed without adverse effect.

Reference: p. 24 — Fundamentals of Industrial Hygiene, 5th ed. (2002).",CH01 CIH_RiskAnalysis Concept
What is a TLV-STEL in this edition?,"A 15-minute TWA exposure that should not be exceeded during the workday, while the daily TLV-TWA is not exceeded.

Reference: p. 24 — Fundamentals of Industrial Hygiene, 5th ed. (2002).",CH01 CIH_RiskAnalysis Concept
What is a TLV-C?,"A concentration that should not be exceeded during any part of the working exposure.

Reference: p. 26 — Fundamentals of Industrial Hygiene, 5th ed. (2002).",CH01 CIH_RiskAnalysis Concept
What is the central goal of an occupational health and safety program?,"Prevent occupational injury and illness by anticipating, recognizing, evaluating, and controlling occupational health and safety hazards.

Reference: p. 5 — Fundamentals of Industrial Hygiene, 5th ed. (2002).",CH01 CIH_IHProgram Concept
List the major components of an effective industrial hygiene program.,"Written policy/program; hazard recognition; hazard evaluation/exposure assessment; hazard control; employee training; employee involvement; program evaluation/audit; and recordkeeping.

Reference: p. 7 — Fundamentals of Industrial Hygiene, 5th ed. (2002).",CH01 CIH_IHProgram Concept
What structures make up the human respiratory system?,"Nose, pharynx, larynx, trachea, bronchi, and lungs, with the diaphragm and chest muscles enabling respiratory movement.

Reference: p. 35 — Fundamentals of Industrial Hygiene, 5th ed. (2002).",CH02 CIH_BasicScience Concept
What is the function of nasal passages in respiratory defense?,"They warm and humidify incoming air and help trap contaminants in mucus.

Reference: pp. 35–37 — Fundamentals of Industrial Hygiene, 5th ed. (2002).",CH02 CIH_BasicScience Concept
What is the mucociliary escalator?,"Mucus produced in the trachea and bronchi is moved toward the mouth by coordinated ciliary action, carrying foreign material to the throat for expectoration or swallowing.

Reference: p. 47 — Fundamentals of Industrial Hygiene, 5th ed. (2002).",CH02 CIH_BasicScience Concept
What happens when reactive material reaches the alveoli and causes severe injury?,"Inflammation can progress to pulmonary edema, which markedly impairs gas exchange.

Reference: p. 47 — Fundamentals of Industrial Hygiene, 5th ed. (2002).",CH02 CIH_Toxicology Concept
How does carbon monoxide harm the body according to the chapter?,"It crosses the alveolar wall into blood and binds hemoglobin, preventing hemoglobin from accepting oxygen and producing oxygen starvation.

Reference: p. 47 — Fundamentals of Industrial Hygiene, 5th ed. (2002).",CH02 CIH_Toxicology Concept
What are the three broad categories of inhaled contaminants that adversely affect the lungs?,"Aerosols/dusts that deposit and cause tissue reaction or disease; toxic gases causing direct tissue injury; and toxic aerosols/gases that enter the bloodstream and affect other organs or oxygen-carrying capacity.

Reference: p. 47 — Fundamentals of Industrial Hygiene, 5th ed. (2002).",CH02 CIH_Toxicology Concept
What factors can explain different respiratory responses among workers with similar exposures?,"Differences in pulmonary clearance, cigarette smoking, coexisting pulmonary disease, and genetic factors.

Reference: p. 47 — Fundamentals of Industrial Hygiene, 5th ed. (2002).",CH02 CIH_Toxicology Concept
What is the role of pulmonary macrophages?,"They engulf many particles reaching the deep lung and can migrate toward the airways for removal, swallowing, or movement into interstitial tissue.

Reference: p. 47 — Fundamentals of Industrial Hygiene, 5th ed. (2002).",CH02 CIH_BasicScience Concept
What is fibrosis in the context of occupational particulates?,"Formation of fibrous tissue in the lung in response to certain insoluble, relatively inert particulates such as asbestos and silica.

Reference: p. 47 — Fundamentals of Industrial Hygiene, 5th ed. (2002).",CH02 CIH_Toxicology Concept
How can age affect respiratory defense mechanisms?,"Defense and clearance mechanisms may slow with age, so older workers' lungs may be cleaned less quickly or efficiently.

Reference: p. 48 — Fundamentals of Industrial Hygiene, 5th ed. (2002).",CH02 CIH_BasicScience Concept
What are the main layers of the skin?,"Epidermis, dermis, and subcutaneous tissue.

Reference: pp. 51–53 — Fundamentals of Industrial Hygiene, 5th ed. (2002).",CH03 CIH_BasicScience Concept
What is the primary role of eccrine sweat?,"Dissipation of internal heat by evaporation from the skin surface.

Reference: p. 53 — Fundamentals of Industrial Hygiene, 5th ed. (2002).",CH03 CIH_ThermalStress Concept
Name major categories of occupational dermatitis causes.,"Chemical, mechanical, physical, and biological agents.

Reference: pp. 55–62 — Fundamentals of Industrial Hygiene, 5th ed. (2002).",CH03 CIH_Biohazards Concept
Give examples of mechanical causes of skin irritation.,"Friction, pressure, and trauma.

Reference: p. 28 — Fundamentals of Industrial Hygiene, 5th ed. (2002).",CH03 CIH_BasicScience Concept
What physical agents can cause occupational dermatitis?,"Heat, cold, sunlight, x-rays/ionizing radiation, and electricity.

Reference: p. 28 — Fundamentals of Industrial Hygiene, 5th ed. (2002).",CH03 CIH_Radiation Concept
What biological agents can cause occupational dermatitis?,"Bacterial, fungal, and parasitic agents.

Reference: p. 28 — Fundamentals of Industrial Hygiene, 5th ed. (2002).",CH03 CIH_Biohazards Concept
What is the primary preventive objective for occupational skin hazards?,"Eliminate skin contact with the hazardous agent as completely as possible.

Reference: p. 28 — Fundamentals of Industrial Hygiene, 5th ed. (2002).",CH03 CIH_NonEngineeringControls Concept
What is an irritant dermatitis mechanism?,"Direct chemical or physical injury to the skin that can damage the tissue without requiring prior sensitization.

Reference: pp. 62–64 — Fundamentals of Industrial Hygiene, 5th ed. (2002).",CH03 CIH_Toxicology Concept
What distinguishes allergic contact dermatitis from irritant dermatitis?,"Allergic contact dermatitis is an immune-mediated response after sensitization; later exposures can cause reactions to very small amounts.

Reference: pp. 64–66 — Fundamentals of Industrial Hygiene, 5th ed. (2002).",CH03 CIH_Toxicology Concept
Why is glove permeability important in chemical protection?,"A glove can appear intact yet allow a chemical to pass through; permeability and breakthrough time must therefore be considered when selecting glove material.

Reference: pp. 66–67 — Fundamentals of Industrial Hygiene, 5th ed. (2002).",CH03 CIH_NonEngineeringControls Concept
What are the three anatomical divisions of the ear?,"External, middle, and inner ear.

Reference: p. 83 — Fundamentals of Industrial Hygiene, 5th ed. (2002).",CH04 CIH_BasicScience Concept
What is the function of the external ear?,"It collects sound waves and funnels them through the ear canal to the tympanic membrane.

Reference: p. 84 — Fundamentals of Industrial Hygiene, 5th ed. (2002).",CH04 CIH_BasicScience Concept
What do the three ossicles do?,"They transmit and mechanically amplify vibrations from the eardrum to the fluid of the inner ear.

Reference: p. 85 — Fundamentals of Industrial Hygiene, 5th ed. (2002).",CH04 CIH_BasicScience Concept
Where does sound-induced neural signaling begin?,"Mechanical vibration of cochlear fluid is sensed by nerves in the cochlea, which transmit information to the central nervous system.

Reference: p. 85 — Fundamentals of Industrial Hygiene, 5th ed. (2002).",CH04 CIH_BasicScience Concept
What is conductive hearing loss?,"Hearing loss caused by dysfunction or damage in the external or middle ear that interferes with sound conduction.

Reference: p. 96 — Fundamentals of Industrial Hygiene, 5th ed. (2002).",CH04 CIH_Noise Concept
What is sensorineural hearing loss?,"Hearing loss associated with dysfunction of the inner ear or neural auditory pathway.

Reference: p. 96 — Fundamentals of Industrial Hygiene, 5th ed. (2002).",CH04 CIH_Noise Concept
What occupational agent is the principal hazard emphasized for hearing loss?,"Noise.

Reference: pp. 88–97 — Fundamentals of Industrial Hygiene, 5th ed. (2002).",CH04 CIH_Noise Concept
What does audiometric testing provide in an occupational hearing program?,"A standardized means to diagnose and monitor hearing acuity and detect changes over time.

Reference: p. 97 — Fundamentals of Industrial Hygiene, 5th ed. (2002).",CH04 CIH_Noise Concept
At what 8-hour TWA noise exposure does this edition state OSHA hearing conservation requirements apply?,"85 dBA.

Reference: p. 97 — Fundamentals of Industrial Hygiene, 5th ed. (2002).",CH04 CIH_Noise Concept
What is the key distinction between conductive and sensorineural loss?,"Conductive loss involves sound transmission through the external/middle ear; sensorineural loss involves inner-ear or neural dysfunction.

Reference: p. 96 — Fundamentals of Industrial Hygiene, 5th ed. (2002).",CH04 CIH_Noise Concept
What is the main function of the eye's cornea?,"It is the transparent anterior surface that admits and refracts light and provides a major portion of the eye's focusing power.

Reference: pp. 99–103 — Fundamentals of Industrial Hygiene, 5th ed. (2002).",CH05 CIH_BasicScience Concept
What is the function of the lens?,"It fine-tunes focus by changing shape to accommodate objects at different distances.

Reference: pp. 101–104 — Fundamentals of Industrial Hygiene, 5th ed. (2002).",CH05 CIH_BasicScience Concept
What is the retina?,"The light-sensitive layer of the eye that converts optical information into neural signals.

Reference: pp. 103–105 — Fundamentals of Industrial Hygiene, 5th ed. (2002).",CH05 CIH_BasicScience Concept
What occupational hazards can injure the eye?,"Mechanical particles/foreign bodies, chemicals, radiation, intense light, heat, and other physical agents.

Reference: pp. 106–112 — Fundamentals of Industrial Hygiene, 5th ed. (2002).",CH05 CIH_Radiation Concept
Why is the cornea particularly vulnerable to external hazards?,"It is exposed at the front of the eye and can be directly injured by particles, chemicals, and radiation.

Reference: pp. 106–108 — Fundamentals of Industrial Hygiene, 5th ed. (2002).",CH05 CIH_NonEngineeringControls Concept
What is photokeratitis?,"An acute inflammatory injury of the cornea caused by excessive ultraviolet exposure.

Reference: pp. 108–110 — Fundamentals of Industrial Hygiene, 5th ed. (2002).",CH05 CIH_Radiation Concept
What is cataract formation in occupational hygiene?,"Clouding of the lens that can result from certain occupational exposures, including some forms of radiation and intense heat.

Reference: pp. 110–112 — Fundamentals of Industrial Hygiene, 5th ed. (2002).",CH05 CIH_Radiation Concept
What is a primary principle of eye protection?,"Select protection based on the specific hazard, its energy/trajectory, and the exposure scenario.

Reference: pp. 111–114 — Fundamentals of Industrial Hygiene, 5th ed. (2002).",CH05 CIH_NonEngineeringControls Concept
Why should corrective eyewear and protective eyewear be considered together?,"Workers who need vision correction still require protective eyewear appropriate to the hazard; ordinary corrective lenses are not automatically adequate protection.

Reference: pp. 112–114 — Fundamentals of Industrial Hygiene, 5th ed. (2002).",CH05 CIH_NonEngineeringControls Concept
What is the general control objective for eye hazards?,"Prevent hazardous material or energy from reaching or injuring ocular tissue.

Reference: pp. 106–114 — Fundamentals of Industrial Hygiene, 5th ed. (2002).",CH05 CIH_NonEngineeringControls Concept
What is toxicology?,"The study of the adverse effects of chemical or physical agents on living organisms and the factors influencing those effects.

Reference: p. 123 — Fundamentals of Industrial Hygiene, 5th ed. (2002).",CH06 CIH_Toxicology Concept
What is the dose-response relationship?,"The relationship between the magnitude of exposure/dose and the magnitude or probability of an adverse effect.

Reference: pp. 123–127 — Fundamentals of Industrial Hygiene, 5th ed. (2002).",CH06 CIH_Toxicology Concept
Distinguish acute from chronic toxicity.,"Acute toxicity results from relatively short-term exposure and often rapid effects; chronic toxicity involves repeated or prolonged exposure with effects that may develop over longer periods.

Reference: pp. 123–128 — Fundamentals of Industrial Hygiene, 5th ed. (2002).",CH06 CIH_Toxicology Concept
What is latency?,"The interval between exposure to an agent and the appearance of an effect or disease.

Reference: pp. 123–128 — Fundamentals of Industrial Hygiene, 5th ed. (2002).",CH06 CIH_Toxicology Concept
What is the difference between allergy and hypersusceptibility?,"Allergy is an immune-mediated response after sensitization and has immunologic memory; hypersusceptibility is the usual effect occurring in an unusually sensitive person at a lower dose, without immunologic memory.

Reference: p. 129 — Fundamentals of Industrial Hygiene, 5th ed. (2002).",CH06 CIH_Toxicology Concept
What are the three common routes of occupational exposure?,"Inhalation, skin absorption/contact, and ingestion.

Reference: pp. 123–129 — Fundamentals of Industrial Hygiene, 5th ed. (2002).",CH06 CIH_Toxicology Concept
What is a target organ?,"An organ or tissue that is particularly affected by an agent after exposure and distribution.

Reference: pp. 128–140 — Fundamentals of Industrial Hygiene, 5th ed. (2002).",CH06 CIH_Toxicology Concept
What is synergism in toxicology?,"An interaction in which combined agents produce an effect greater than expected from their individual effects.

Reference: pp. 135–140 — Fundamentals of Industrial Hygiene, 5th ed. (2002).",CH06 CIH_Toxicology Concept
Why can a chemical's physical properties affect toxicity?,"Properties such as volatility, solubility, particle size, and reactivity influence uptake, route of entry, deposition, and target-organ exposure.

Reference: pp. 123–149 — Fundamentals of Industrial Hygiene, 5th ed. (2002).",CH06 CIH_AnalyticalChemistry Concept
Why should the latest toxicological documentation be consulted when applying an exposure limit?,"The scientific basis for an exposure limit can evolve as new data become available; the chapter emphasizes consulting current documentation when judging a TLV.

Reference: p. 24 — Fundamentals of Industrial Hygiene, 5th ed. (2002).",CH06 CIH_RiskAnalysis Concept
What is a gas?,"A substance that exists in the gaseous state at ordinary temperature and pressure.

Reference: pp. 149–151 — Fundamentals of Industrial Hygiene, 5th ed. (2002).",CH07 CIH_BasicScience Concept
What is a vapor?,"The gaseous form of a substance that is normally a liquid or solid at ordinary temperature and pressure.

Reference: pp. 149–151 — Fundamentals of Industrial Hygiene, 5th ed. (2002).",CH07 CIH_BasicScience Concept
Why are volatile solvents important in industrial hygiene?,"Their vapor concentrations can build rapidly and they may be absorbed by inhalation and through skin contact.

Reference: pp. 149–165 — Fundamentals of Industrial Hygiene, 5th ed. (2002).",CH07 CIH_Toxicology Concept
What factors influence solvent exposure?,"Volatility, temperature, process, ventilation, amount used, duration, and route of exposure.

Reference: pp. 149–165 — Fundamentals of Industrial Hygiene, 5th ed. (2002).",CH07 CIH_WorkEnvironments Concept
Why can solvent exposure occur through the skin?,"Many solvents can penetrate skin and some can reach systemic circulation in physiologically significant amounts.

Reference: pp. 164–165 — Fundamentals of Industrial Hygiene, 5th ed. (2002).",CH07 CIH_Toxicology Concept
What is a major mistake in selecting solvent-resistant gloves?,"Assuming that generic 'rubber' or neoprene gloves are protective regardless of the solvent.

Reference: p. 165 — Fundamentals of Industrial Hygiene, 5th ed. (2002).",CH07 CIH_NonEngineeringControls Concept
What glove property is most important for solvent selection?,"Permeability to the specific solvent, considered together with abrasion resistance and breakthrough time.

Reference: p. 165 — Fundamentals of Industrial Hygiene, 5th ed. (2002).",CH07 CIH_NonEngineeringControls Concept
What control principle is emphasized for solvent skin exposure?,"Keep the solvent off the skin, using process/mechanical handling controls and appropriate impermeable protective clothing when needed.

Reference: p. 165 — Fundamentals of Industrial Hygiene, 5th ed. (2002).",CH07 CIH_NonEngineeringControls Concept
When is an air-purifying respirator inappropriate for solvent spraying?,"When solvent is air-sprayed without supplementary mechanical ventilation; the book warns against relying on APRs alone in that scenario.

Reference: p. 165 — Fundamentals of Industrial Hygiene, 5th ed. (2002).",CH07 CIH_NonEngineeringControls Concept
What is the relationship between solvent vapor concentration and ventilation?,"Increasing effective ventilation can reduce airborne concentration, but local exhaust at the source is preferred when feasible over relying solely on dilution.

Reference: pp. 160–165 — Fundamentals of Industrial Hygiene, 5th ed. (2002).",CH07 CIH_EngineeringControls Concept
What is a particulate aerosol?,"A suspension of solid or liquid particles in air.

Reference: pp. 169–173 — Fundamentals of Industrial Hygiene, 5th ed. (2002).",CH08 CIH_BasicScience Concept
What is aerodynamic diameter used for?,"It characterizes particle behavior in air based on aerodynamic properties and helps predict deposition and sampling behavior.

Reference: pp. 174–180 — Fundamentals of Industrial Hygiene, 5th ed. (2002).",CH08 CIH_AirSampling Concept
Why is particle size important to respiratory exposure?,"Particle size strongly influences where particles deposit in the respiratory tract and how they can be collected by sampling devices.

Reference: pp. 174–184 — Fundamentals of Industrial Hygiene, 5th ed. (2002).",CH08 CIH_AirSampling Concept
What is fume?,"A particulate aerosol commonly formed when a vapor condenses after volatilization, often producing very small particles.

Reference: pp. 169–173 — Fundamentals of Industrial Hygiene, 5th ed. (2002).",CH08 CIH_BasicScience Concept
What is dust?,"A particulate aerosol generated mechanically from larger solid material, such as by crushing, grinding, or abrasion.

Reference: pp. 169–173 — Fundamentals of Industrial Hygiene, 5th ed. (2002).",CH08 CIH_WorkEnvironments Concept
What is mist?,"A particulate aerosol consisting of liquid droplets generated mechanically or by condensation.

Reference: pp. 169–173 — Fundamentals of Industrial Hygiene, 5th ed. (2002).",CH08 CIH_BasicScience Concept
What is the difference between inhalable and respirable particulate fractions?,"They represent different particle-size fractions defined by the portion that can enter the respiratory tract and reach deeper lung regions; respirable particles are the smaller fraction capable of penetrating to the gas-exchange region.

Reference: pp. 177–185 — Fundamentals of Industrial Hygiene, 5th ed. (2002).",CH08 CIH_AirSampling Concept
What is a cyclone used for in particulate sampling?,"It separates particles by aerodynamic size so a selected respirable fraction can be collected on a downstream filter.

Reference: pp. 191–195 — Fundamentals of Industrial Hygiene, 5th ed. (2002).",CH08 CIH_AirSampling Concept
Why must particulate sampling methods match the target fraction?,"A method designed for one aerodynamic size fraction may not accurately represent exposure to another fraction.

Reference: pp. 185–195 — Fundamentals of Industrial Hygiene, 5th ed. (2002).",CH08 CIH_AirSampling Concept
Name two occupational diseases associated with particulate exposure discussed in the chapter.,"Pneumoconioses such as silicosis and asbestosis; other particulate exposures can also produce fibrosis, cancer, or respiratory irritation depending on the agent.

Reference: pp. 180–205 — Fundamentals of Industrial Hygiene, 5th ed. (2002).",CH08 CIH_Toxicology Concept
What is sound pressure level referenced to in air?,"20 micropascals (20 µPa), approximately the threshold of hearing for a young person with excellent hearing.

Reference: p. 217 — Fundamentals of Industrial Hygiene, 5th ed. (2002).",CH09 CIH_Noise Concept
What is the difference between a sound level meter and a noise dosimeter?,"A sound level meter measures sound at a location/time; a dosimeter integrates an individual's noise exposure over time.

Reference: pp. 218–223 — Fundamentals of Industrial Hygiene, 5th ed. (2002).",CH09 CIH_Noise Concept
What response setting does the book state OSHA uses for compliance sound-level measurements?,"Slow response.

Reference: p. 220 — Fundamentals of Industrial Hygiene, 5th ed. (2002).",CH09 CIH_Noise Concept
What is an octave in sound analysis?,"A frequency interval in which the upper frequency is twice the lower frequency.

Reference: p. 220 — Fundamentals of Industrial Hygiene, 5th ed. (2002).",CH09 CIH_Noise Concept
What is the OSHA 8-hour permissible exposure level stated in the book?,"90 dBA for 8 hours, using a 5-dBA exchange rate.

Reference: p. 224 — Fundamentals of Industrial Hygiene, 5th ed. (2002).",CH09 CIH_Noise Concept
What is a 5-dB exchange rate?,"Every 5-dBA increase in level cuts the allowable exposure time in half.

Reference: p. 224 — Fundamentals of Industrial Hygiene, 5th ed. (2002).",CH09 CIH_Noise Concept
What is the mixed-exposure noise equation?,"Eₘ = C₁/T₁ + C₂/T₂ + … + Cₙ/Tₙ; a value of 1 corresponds to 100% dose.

Reference: p. 224 — Fundamentals of Industrial Hygiene, 5th ed. (2002).",CH09 CIH_Noise Calculation
Calculate the OSHA mixed noise exposure for 2 h at 90 dBA and 2 h at 95 dBA.,"T₉₀ = 8 h and T₉₅ = 4 h, so Eₘ = 2/8 + 2/4 = 0.75, or 75% dose.

Reference: p. 224 — Fundamentals of Industrial Hygiene, 5th ed. (2002).",CH09 CIH_Noise Calculation
"What OSHA noise dose results from 3.75 h at 85 dBA, 2 h at 90 dBA, 2 h at 95 dBA, and 0.25 h at 110 dBA using the book's table?","125% dose, so the mixed exposure exceeds the allowable limit.

Reference: p. 224 — Fundamentals of Industrial Hygiene, 5th ed. (2002).",CH09 CIH_Noise Calculation
What are the five basic components of an OSHA hearing conservation program described in the book?,"Exposure monitoring, audiometric testing, hearing protection, employee training, and recordkeeping.

Reference: p. 237 — Fundamentals of Industrial Hygiene, 5th ed. (2002).",CH09 CIH_Noise Concept
What is ionizing radiation?,"Radiation energetic enough to ionize atoms or molecules by removing electrons.

Reference: pp. 257–260 — Fundamentals of Industrial Hygiene, 5th ed. (2002).",CH10 CIH_Radiation Concept
Name the major types of ionizing radiation emphasized in industrial hygiene.,"Alpha particles, beta particles, gamma radiation, x-rays, and neutrons.

Reference: pp. 257–265 — Fundamentals of Industrial Hygiene, 5th ed. (2002).",CH10 CIH_Radiation Concept
What is an alpha particle?,"A helium nucleus consisting of two protons and two neutrons.

Reference: pp. 259–261 — Fundamentals of Industrial Hygiene, 5th ed. (2002).",CH10 CIH_Radiation Concept
What is a beta particle?,"A high-energy electron or positron emitted during radioactive decay.

Reference: pp. 259–262 — Fundamentals of Industrial Hygiene, 5th ed. (2002).",CH10 CIH_Radiation Concept
What is gamma radiation?,"High-energy electromagnetic radiation emitted from atomic nuclei.

Reference: pp. 259–263 — Fundamentals of Industrial Hygiene, 5th ed. (2002).",CH10 CIH_Radiation Concept
What is half-life?,"The time required for the activity or number of radioactive atoms in a sample to decrease to one-half its initial value.

Reference: pp. 263–265 — Fundamentals of Industrial Hygiene, 5th ed. (2002).",CH10 CIH_BasicScience Concept
What are the three classic methods for reducing external radiation exposure?,"Time, distance, and shielding.

Reference: pp. 270–275 — Fundamentals of Industrial Hygiene, 5th ed. (2002).",CH10 CIH_Radiation Concept
How does increasing distance from a point source affect radiation intensity?,"For a point source, intensity decreases approximately with the inverse square of distance.

Reference: pp. 270–275 — Fundamentals of Industrial Hygiene, 5th ed. (2002).",CH10 CIH_Radiation Concept
Why are dosimeters used in radiation protection?,"To measure an individual's accumulated radiation exposure/dose over a defined period.

Reference: pp. 272–279 — Fundamentals of Industrial Hygiene, 5th ed. (2002).",CH10 CIH_Radiation Concept
What is the key distinction between contamination and exposure in radiation protection?,"Exposure refers to receiving radiation; contamination refers to radioactive material being deposited on or entering a person or surface.

Reference: pp. 275–279 — Fundamentals of Industrial Hygiene, 5th ed. (2002).",CH10 CIH_Radiation Concept
What is nonionizing radiation?,"Radiation that does not have enough photon energy to ionize atoms or molecules under the conditions considered.

Reference: pp. 281–284 — Fundamentals of Industrial Hygiene, 5th ed. (2002).",CH11 CIH_Radiation Concept
Name major nonionizing radiation categories discussed in the chapter.,"Ultraviolet, visible/infrared, lasers, radiofrequency/microwave, and low-frequency electromagnetic fields.

Reference: pp. 281–325 — Fundamentals of Industrial Hygiene, 5th ed. (2002).",CH11 CIH_Radiation Concept
What is the primary biological hazard of ultraviolet radiation?,"Photochemical injury, especially to skin and eyes.

Reference: pp. 286–293 — Fundamentals of Industrial Hygiene, 5th ed. (2002).",CH11 CIH_Radiation Concept
Why are lasers potentially hazardous?,"They can concentrate optical energy into a very small area, producing severe eye and skin injury.

Reference: pp. 298–306 — Fundamentals of Industrial Hygiene, 5th ed. (2002).",CH11 CIH_Radiation Concept
What is a key engineering control for laser hazards?,"Enclose or shield the beam path so hazardous radiation cannot reach personnel.

Reference: pp. 302–309 — Fundamentals of Industrial Hygiene, 5th ed. (2002).",CH11 CIH_EngineeringControls Concept
What is the main thermal effect of microwave/RF exposure emphasized in the book?,"Absorption of electromagnetic energy can heat tissue.

Reference: pp. 309–317 — Fundamentals of Industrial Hygiene, 5th ed. (2002).",CH11 CIH_Radiation Concept
Why can reflection matter for microwave hazards?,"Conductive surfaces can reflect electromagnetic energy and create unexpected exposure fields.

Reference: pp. 315–319 — Fundamentals of Industrial Hygiene, 5th ed. (2002).",CH11 CIH_Radiation Concept
What is the role of distance in nonionizing radiation control?,"Increasing distance can reduce irradiance or field strength and therefore reduce exposure, depending on the source and geometry.

Reference: pp. 285–325 — Fundamentals of Industrial Hygiene, 5th ed. (2002).",CH11 CIH_Radiation Concept
What is a key principle for evaluating optical radiation?,"Measure the relevant wavelength-dependent exposure and compare it with the applicable exposure criterion.

Reference: pp. 286–306 — Fundamentals of Industrial Hygiene, 5th ed. (2002).",CH11 CIH_Radiation Concept
What is a general strategy for nonionizing radiation control?,"Use source enclosure, shielding/barriers, interlocks or beam controls where applicable, distance, exposure-time reduction, and appropriate PPE.

Reference: pp. 300–325 — Fundamentals of Industrial Hygiene, 5th ed. (2002).",CH11 CIH_NonEngineeringControls Concept
What three factors most strongly influence thermal stress?,"Environmental/climatic conditions, work demands/metabolic rate, and clothing.

Reference: p. 328 — Fundamentals of Industrial Hygiene, 5th ed. (2002).",CH12 CIH_ThermalStress Concept
What is WBGT used for?,"As an index of environmental heat stress for occupational evaluation.

Reference: p. 329 — Fundamentals of Industrial Hygiene, 5th ed. (2002).",CH12 CIH_ThermalStress Concept
What is the indoor/no-solar WBGT equation?,"WBGTᵢₙ = 0.7 Tₙwb + 0.3 Tgt.

Reference: p. 329 — Fundamentals of Industrial Hygiene, 5th ed. (2002).",CH12 CIH_ThermalStress Calculation
What is the outdoor/solar WBGT equation?,"WBGTₒᵤₜ = 0.7 Tₙwb + 0.2 Tgt + 0.1 Tdb.

Reference: p. 329 — Fundamentals of Industrial Hygiene, 5th ed. (2002).",CH12 CIH_ThermalStress Calculation
Calculate indoor WBGT when natural wet-bulb temperature is 25°C and globe temperature is 35°C.,"WBGT = 0.7(25) + 0.3(35) = 17.5 + 10.5 = 28.0°C.

Reference: p. 329 — Fundamentals of Industrial Hygiene, 5th ed. (2002).",CH12 CIH_ThermalStress Calculation
What does zero heat-storage rate (S = 0) mean?,"The body is in thermal equilibrium: heat gain is balanced by heat loss.

Reference: p. 328 — Fundamentals of Industrial Hygiene, 5th ed. (2002).",CH12 CIH_ThermalStress Concept
What happens when heat-storage rate S is positive?,"The body is gaining heat at the rate represented by S.

Reference: p. 328 — Fundamentals of Industrial Hygiene, 5th ed. (2002).",CH12 CIH_ThermalStress Concept
What is the book's practical sustained core-temperature criterion for industrial heat stress?,"Core temperature should not exceed about 39°C in industrial heat exposures; a sustained 38°C criterion is used in the discussion of physiological strain.

Reference: p. 342 — Fundamentals of Industrial Hygiene, 5th ed. (2002).",CH12 CIH_ThermalStress Concept
What is recovery heart rate HRR1 criterion cited for demonstrating effective heat-stress control?,"Recovery heart rate at one minute should be less than 110 beats/min.

Reference: p. 342 — Fundamentals of Industrial Hygiene, 5th ed. (2002).",CH12 CIH_ThermalStress Concept
What is a key engineering approach to cold stress?,"Increase air temperature, reduce air speed, reduce conductive heat transfer, and provide warming areas/shelters as appropriate.

Reference: pp. 350–353 — Fundamentals of Industrial Hygiene, 5th ed. (2002).",CH12 CIH_ThermalStress Concept
What is ergonomics?,"Application of principles concerning people, tasks, tools, and environments to fit work to human capabilities and reduce injury/illness.

Reference: pp. 357–360 — Fundamentals of Industrial Hygiene, 5th ed. (2002).",CH13 CIH_Ergonomics Concept
What is anthropometry?,"The measurement and study of human body dimensions and proportions for design purposes.

Reference: pp. 360–365 — Fundamentals of Industrial Hygiene, 5th ed. (2002).",CH13 CIH_Ergonomics Concept
What is biomechanics?,"Application of mechanical principles to human movement, forces, and loading of body tissues.

Reference: pp. 365–375 — Fundamentals of Industrial Hygiene, 5th ed. (2002).",CH13 CIH_Ergonomics Concept
What is a cumulative trauma disorder (CTD)?,"A musculoskeletal disorder associated with repeated or sustained loading, often involving repeated motion, force, awkward posture, or insufficient recovery.

Reference: pp. 399–414 — Fundamentals of Industrial Hygiene, 5th ed. (2002).",CH13 CIH_Ergonomics Concept
Name major ergonomic risk factors.,"Force, repetition, awkward/static posture, vibration, contact stress, and inadequate recovery/time organization.

Reference: pp. 399–414 — Fundamentals of Industrial Hygiene, 5th ed. (2002).",CH13 CIH_Ergonomics Concept
Why is neutral posture important?,"It generally minimizes joint deviation and muscle/tendon loading compared with sustained awkward postures.

Reference: pp. 380–390 — Fundamentals of Industrial Hygiene, 5th ed. (2002).",CH13 CIH_Ergonomics Concept
What is contact stress?,"Localized pressure on body tissues from contact with a hard edge or surface, potentially causing pain or injury.

Reference: pp. 389–391 — Fundamentals of Industrial Hygiene, 5th ed. (2002).",CH13 CIH_Ergonomics Concept
What is the general ergonomic intervention sequence?,"Identify task demands and risk factors, redesign the task/tool/workstation where feasible, modify work practices, and use training or PPE as supplemental measures.

Reference: pp. 405–414 — Fundamentals of Industrial Hygiene, 5th ed. (2002).",CH13 CIH_Ergonomics Concept
Why should workstation design consider anthropometric variability?,"A design fitting an average worker may not fit shorter or taller workers; adjustability can accommodate a broader range.

Reference: pp. 360–365 — Fundamentals of Industrial Hygiene, 5th ed. (2002).",CH13 CIH_Ergonomics Concept
What role does worker participation play in ergonomics?,"Workers provide critical information about task demands, discomfort, and practical feasibility of proposed changes.

Reference: pp. 405–414 — Fundamentals of Industrial Hygiene, 5th ed. (2002).",CH13 CIH_Ergonomics Concept
What is a biohazard?,"A biological agent or material capable of causing harmful health effects in exposed people.

Reference: pp. 419–423 — Fundamentals of Industrial Hygiene, 5th ed. (2002).",CH14 CIH_Biohazards Concept
Name major categories of biological hazards in the workplace.,"Bacteria, viruses, fungi, parasites, biological toxins, and other biological materials capable of causing disease or sensitization.

Reference: pp. 419–430 — Fundamentals of Industrial Hygiene, 5th ed. (2002).",CH14 CIH_Biohazards Concept
What are the major routes of biological exposure?,"Inhalation, ingestion, skin/mucous-membrane contact, and inoculation/percutaneous exposure.

Reference: pp. 423–430 — Fundamentals of Industrial Hygiene, 5th ed. (2002).",CH14 CIH_Biohazards Concept
What is a bioaerosol?,"An airborne biological particle, organism, fragment, or biologically derived material capable of being transported in air.

Reference: pp. 425–430 — Fundamentals of Industrial Hygiene, 5th ed. (2002).",CH14 CIH_Biohazards Concept
What is hypersensitivity pneumonitis?,"An allergic-type inflammatory lung disease caused by inhalation of certain biological materials.

Reference: pp. 425–430 — Fundamentals of Industrial Hygiene, 5th ed. (2002).",CH14 CIH_Biohazards Concept
What is a zoonosis?,"A disease that can be transmitted between animals and humans.

Reference: pp. 419–425 — Fundamentals of Industrial Hygiene, 5th ed. (2002).",CH14 CIH_Biohazards Concept
What is the first step in protecting workers from infectious occupational hazards?,"Perform a risk assessment to identify settings and tasks with meaningful potential for exposure.

Reference: p. 449 — Fundamentals of Industrial Hygiene, 5th ed. (2002).",CH14 CIH_Biohazards Concept
Why are engineering and administrative controls important for infectious agents?,"They reduce the opportunity for exposure by controlling the source, process, environment, and work practices before relying on PPE.

Reference: pp. 449–450 — Fundamentals of Industrial Hygiene, 5th ed. (2002).",CH14 CIH_NonEngineeringControls Concept
When might respirators be considered for biological aerosols?,"When procedures have high potential to generate aerosols or when engineering/primary containment does not adequately control exposure.

Reference: pp. 449–450 — Fundamentals of Industrial Hygiene, 5th ed. (2002).",CH14 CIH_NonEngineeringControls Concept
What is a biological safety cabinet used for?,"Primary containment that controls aerosols and protects personnel and/or the product depending on cabinet type.

Reference: pp. 430–450 — Fundamentals of Industrial Hygiene, 5th ed. (2002).",CH14 CIH_EngineeringControls Concept
What is the preferred sampling approach for evaluating a worker's airborne chemical exposure?,"Personal air sampling with the sampling device positioned as close as possible to the worker's breathing zone.

Reference: p. 523 — Fundamentals of Industrial Hygiene, 5th ed. (2002).",CH15 CIH_AirSampling Concept
Define the breathing zone used for personal sampling in the book.,"A hemisphere in front of the shoulders with a radius of approximately 6–9 inches.

Reference: p. 523 — Fundamentals of Industrial Hygiene, 5th ed. (2002).",CH15 CIH_AirSampling Concept
What is the basic concentration equation for an air sample?,"Concentration = mass of contaminant collected ÷ volume of air passed through the collection device.

Reference: p. 523 — Fundamentals of Industrial Hygiene, 5th ed. (2002).",CH15 CIH_AirSampling Calculation
What is a grab sample?,"A short-duration sample, usually less than about 5 minutes, used to identify peak or ceiling concentrations or for screening.

Reference: p. 524 — Fundamentals of Industrial Hygiene, 5th ed. (2002).",CH15 CIH_AirSampling Concept
What is integrated air sampling?,"Sampling that integrates varying concentrations over a defined period to estimate an average exposure such as an 8-hour or 15-minute TWA.

Reference: p. 524 — Fundamentals of Industrial Hygiene, 5th ed. (2002).",CH15 CIH_AirSampling Concept
Why are area samples generally not preferred for estimating personal exposure?,"Conditions at a fixed location may not match the worker's actual exposure.

Reference: p. 523 — Fundamentals of Industrial Hygiene, 5th ed. (2002).",CH15 CIH_AirSampling Concept
What is accuracy?,"How close a measurement is to the true value.

Reference: p. 510 — Fundamentals of Industrial Hygiene, 5th ed. (2002).",CH15 CIH_BiostatsEpi Concept
What is precision?,"The degree of agreement among repeated measurements under the same conditions.

Reference: p. 510 — Fundamentals of Industrial Hygiene, 5th ed. (2002).",CH15 CIH_BiostatsEpi Concept
What type of error primarily affects accuracy?,"Determinate/systematic error, which creates consistent bias.

Reference: p. 510 — Fundamentals of Industrial Hygiene, 5th ed. (2002).",CH15 CIH_BiostatsEpi Concept
What type of error primarily affects precision?,"Indeterminate/random error, which produces variability among results.

Reference: p. 510 — Fundamentals of Industrial Hygiene, 5th ed. (2002).",CH15 CIH_BiostatsEpi Concept
What is the purpose of air sampling in an IH program?,"To evaluate employee exposure, help design/evaluate controls, and document compliance with applicable requirements.

Reference: pp. 523–524 — Fundamentals of Industrial Hygiene, 5th ed. (2002).",CH16 CIH_AirSampling Concept
What are the two broad categories of air-sampling equipment?,"Direct-reading instruments and sample-collection devices for subsequent laboratory analysis.

Reference: p. 524 — Fundamentals of Industrial Hygiene, 5th ed. (2002).",CH16 CIH_AirSampling Concept
What is the purpose of a sampling train?,"To draw a known volume of workplace air through an appropriate collection device so the contaminant can be quantified.

Reference: pp. 524–531 — Fundamentals of Industrial Hygiene, 5th ed. (2002).",CH16 CIH_AirSampling Concept
What is a passive monitor?,"A sampler that collects contaminants by diffusion or permeation without a powered sampling pump.

Reference: pp. 526–527 — Fundamentals of Industrial Hygiene, 5th ed. (2002).",CH16 CIH_AirSampling Concept
Name common particulate collection devices described in the book.,"Filters, cyclones, electrostatic precipitators, inertial impactors, impingers, and elutriators.

Reference: pp. 527–531 — Fundamentals of Industrial Hygiene, 5th ed. (2002).",CH16 CIH_AirSampling Concept
Why is pump calibration critical?,"The calculated sampled-air volume depends on flow rate and time; inaccurate flow produces biased concentration results.

Reference: pp. 531–539 — Fundamentals of Industrial Hygiene, 5th ed. (2002).",CH16 CIH_AirSampling Concept
What is primary calibration?,"Calibration against a standard that directly measures volumetric airflow, such as a soap-bubble meter or spirometer.

Reference: pp. 536–538 — Fundamentals of Industrial Hygiene, 5th ed. (2002).",CH16 CIH_AirSampling Concept
What should be recorded about calibration?,"Calibration conditions and results, the equipment used, and relevant sampling parameters should be documented.

Reference: pp. 536–540 — Fundamentals of Industrial Hygiene, 5th ed. (2002).",CH16 CIH_IHProgram Concept
Calculate sampled air volume at 2.0 L/min for 120 min.,"V = Q×t = 2.0 L/min × 120 min = 240 L = 0.240 m³.

Reference: p. 531 — Fundamentals of Industrial Hygiene, 5th ed. (2002).",CH16 CIH_AirSampling Calculation
"If 2.4 mg contaminant is collected from 240 L of air, what is concentration?","C = 2.4 mg / 240 L = 0.010 mg/L = 10 mg/m³.

Reference: p. 523 — Fundamentals of Industrial Hygiene, 5th ed. (2002).",CH16 CIH_AirSampling Calculation
What is a direct-reading instrument?,"An instrument that provides an immediate measurement or indication of airborne contaminant concentration.

Reference: pp. 561–565 — Fundamentals of Industrial Hygiene, 5th ed. (2002).",CH17 CIH_AirSampling Concept
What is the basic principle of an infrared direct-reading analyzer?,"It measures the reduction in infrared energy transmitted through a sample caused by absorption at selected wavelengths.

Reference: pp. 574–576 — Fundamentals of Industrial Hygiene, 5th ed. (2002).",CH17 CIH_AnalyticalChemistry Concept
What is the advantage of a double-beam infrared instrument?,"It compares sample and reference paths so background absorption can be compensated.

Reference: p. 576 — Fundamentals of Industrial Hygiene, 5th ed. (2002).",CH17 CIH_AnalyticalChemistry Concept
What is FTIR useful for in workplace air monitoring?,"Rapidly scanning many infrared wavelengths so multiple compounds in complex gas mixtures can potentially be identified and quantified.

Reference: p. 576 — Fundamentals of Industrial Hygiene, 5th ed. (2002).",CH17 CIH_AnalyticalChemistry Concept
What is an open-path infrared analyzer?,"An instrument that measures infrared absorption along an open-air path rather than within a contained gas cell.

Reference: pp. 576–577 — Fundamentals of Industrial Hygiene, 5th ed. (2002).",CH17 CIH_AnalyticalChemistry Concept
What is cross-sensitivity?,"An instrument response caused by substances other than the target contaminant, potentially biasing the measurement.

Reference: pp. 561–583 — Fundamentals of Industrial Hygiene, 5th ed. (2002).",CH17 CIH_AnalyticalChemistry Concept
Why is calibration against a known concentration important for direct-reading instruments?,"It establishes the relationship between instrument response and contaminant concentration under the measurement conditions.

Reference: pp. 561–583 — Fundamentals of Industrial Hygiene, 5th ed. (2002).",CH17 CIH_AirSampling Concept
What is a limitation of direct-reading instruments in complex mixtures?,"Interferents or overlapping responses can make compound-specific identification and quantification difficult.

Reference: pp. 574–577 — Fundamentals of Industrial Hygiene, 5th ed. (2002).",CH17 CIH_AnalyticalChemistry Concept
What is a PID generally useful for?,"Screening and monitoring volatile organic compounds that respond to photoionization, subject to lamp energy and compound-specific response factors.

Reference: pp. 561–570 — Fundamentals of Industrial Hygiene, 5th ed. (2002).",CH17 CIH_AirSampling Concept
Why should direct-reading measurements be interpreted with instrument limitations in mind?,"Accuracy, precision, response factors, environmental conditions, and cross-sensitivities can materially affect the indicated concentration.

Reference: pp. 561–583 — Fundamentals of Industrial Hygiene, 5th ed. (2002).",CH17 CIH_AirSampling Concept
What is the hierarchy principle emphasized for controlling occupational health hazards?,"Prefer controls that eliminate or reduce the hazard at its source before relying on measures that depend on worker behavior.

Reference: pp. 585–594 — Fundamentals of Industrial Hygiene, 5th ed. (2002).",CH18 CIH_NonEngineeringControls Concept
What are the main engineering-control methods named in Chapter 18?,"Substitution, isolation, enclosure, and ventilation.

Reference: p. 594 — Fundamentals of Industrial Hygiene, 5th ed. (2002).",CH18 CIH_EngineeringControls Concept
Why is substitution generally powerful as a control?,"It removes or replaces the hazardous agent with a less hazardous material or process rather than relying on exposure reduction alone.

Reference: pp. 585–594 — Fundamentals of Industrial Hygiene, 5th ed. (2002).",CH18 CIH_NonEngineeringControls Concept
What is enclosure?,"Containing a hazardous process or equipment so contaminants are prevented or minimized from escaping into the workroom.

Reference: p. 594 — Fundamentals of Industrial Hygiene, 5th ed. (2002).",CH18 CIH_EngineeringControls Concept
What is isolation as an IH control?,"Separating people from the hazard by distance, time, location, enclosure, or other means.

Reference: p. 594 — Fundamentals of Industrial Hygiene, 5th ed. (2002).",CH18 CIH_EngineeringControls Concept
What is local exhaust ventilation?,"A control that captures or contains contaminants at their source before they escape into the work area.

Reference: p. 595 — Fundamentals of Industrial Hygiene, 5th ed. (2002).",CH18 CIH_EngineeringControls Concept
Why is LEV generally preferred over dilution for a major localized source?,"LEV removes contaminants at the source and typically requires much less airflow than dilution ventilation.

Reference: p. 595 — Fundamentals of Industrial Hygiene, 5th ed. (2002).",CH18 CIH_EngineeringControls Concept
What are administrative controls?,"Controls that change how work is organized or performed, such as work-period reduction, job rotation, maintenance, hygiene, and work practices.

Reference: pp. 596–597 — Fundamentals of Industrial Hygiene, 5th ed. (2002).",CH18 CIH_NonEngineeringControls Concept
Why are administrative controls less desirable than engineering controls?,"They depend on consistent employee implementation or intervention.

Reference: p. 597 — Fundamentals of Industrial Hygiene, 5th ed. (2002).",CH18 CIH_NonEngineeringControls Concept
When are respirators appropriately used in the control hierarchy?,"When engineering/work-practice controls are infeasible or insufficient, during installation/maintenance, or in emergencies, while recognizing their limitations.

Reference: pp. 597–598 — Fundamentals of Industrial Hygiene, 5th ed. (2002).",CH18 CIH_NonEngineeringControls Concept
What are the basic components of a local exhaust ventilation system?,"One or more hoods, ducts, an air cleaner if needed, a fan, and a discharge/stack.

Reference: p. 595 — Fundamentals of Industrial Hygiene, 5th ed. (2002).",CH19 CIH_EngineeringControls Concept
What is the primary function of a hood?,"Capture or contain contaminant-laden air at or near the source.

Reference: pp. 607–620 — Fundamentals of Industrial Hygiene, 5th ed. (2002).",CH19 CIH_EngineeringControls Concept
What is capture velocity?,"The air velocity at a point needed to overcome contaminant dispersion and draw the contaminant into the hood.

Reference: pp. 607–620 — Fundamentals of Industrial Hygiene, 5th ed. (2002).",CH19 CIH_EngineeringControls Concept
Why should a hood be positioned to move contaminants away from the breathing zone?,"To prevent the contaminant plume from passing through the worker's breathing zone before capture.

Reference: p. 595 — Fundamentals of Industrial Hygiene, 5th ed. (2002).",CH19 CIH_EngineeringControls Concept
What is a flanged hood's advantage?,"The flange reduces air drawn from behind the hood and improves inward velocity along the centerline.

Reference: p. 620 — Fundamentals of Industrial Hygiene, 5th ed. (2002).",CH19 CIH_EngineeringControls Concept
What is a canopy hood best suited for?,"Receiving hot gases/vapors that naturally rise into the hood, when workers do not have to lean over the process.

Reference: p. 622 — Fundamentals of Industrial Hygiene, 5th ed. (2002).",CH19 CIH_EngineeringControls Concept
Why can small duct diameters increase operating cost?,"They produce higher duct velocities and pressure losses, requiring more fan pressure and power.

Reference: pp. 623–624 — Fundamentals of Industrial Hygiene, 5th ed. (2002).",CH19 CIH_EngineeringControls Concept
What transport velocity does the book cite as common for ordinary dusts?,"Approximately 3,000–4,000 ft/min, with higher velocities for denser, larger, or sticky materials.

Reference: p. 624 — Fundamentals of Industrial Hygiene, 5th ed. (2002).",CH19 CIH_EngineeringControls Concept
"Calculate the centerline velocity for the book's flanged-hood example: Q=500 cfm, X=0.5 ft, A=0.22 ft², using Q=0.75Vx(10X²+A).","Vx = 500/[0.75(10×0.5²+0.22)] ≈ 245 ft/min.

Reference: p. 620 — Fundamentals of Industrial Hygiene, 5th ed. (2002).",CH19 CIH_EngineeringControls Calculation
Why should LEV performance be rechecked after installation?,"To verify specified airflow rates and duct velocities and to detect degradation requiring maintenance.

Reference: pp. 595–596 — Fundamentals of Industrial Hygiene, 5th ed. (2002).",CH19 CIH_EngineeringControls Concept
What is dilution ventilation?,"Supplying clean air and exhausting contaminated air to dilute contaminants in a work area to acceptable concentrations.

Reference: pp. 631–633 — Fundamentals of Industrial Hygiene, 5th ed. (2002).",CH20 CIH_EngineeringControls Concept
When is dilution ventilation generally a poor choice?,"For major localized sources, especially highly toxic dusts/fumes, where source capture is more effective.

Reference: p. 595 — Fundamentals of Industrial Hygiene, 5th ed. (2002).",CH20 CIH_EngineeringControls Concept
What variables appear in the book's steady-state dilution-airflow equation?,"Specific gravity, liquid use/evaporation rate, molecular weight, target concentration, and a safety factor K.

Reference: p. 633 — Fundamentals of Industrial Hygiene, 5th ed. (2002).",CH20 CIH_EngineeringControls Concept
State the book's dilution airflow equation.,"Q = 403 × sp gr × W × K × 1,000,000 / (M × L), with Q in ft³/min and L in ppm.

Reference: p. 633 — Fundamentals of Industrial Hygiene, 5th ed. (2002).",CH20 CIH_EngineeringControls Calculation
What range does the book give for the dilution-ventilation safety factor K?,"Normally 3 to 10, with higher values for poorer airflow conditions or greater uncertainty.

Reference: p. 633 — Fundamentals of Industrial Hygiene, 5th ed. (2002).",CH20 CIH_EngineeringControls Concept
"Calculate dilution airflow for MEK: sp gr=0.81, W=0.033 pint/min, K=5, M=72, L=50 ppm.","Q ≈ 14,961 ft³/min.

Reference: p. 633 — Fundamentals of Industrial Hygiene, 5th ed. (2002).",CH20 CIH_EngineeringControls Calculation
What is effective ventilation airflow Q′ in the purging equation?,"Q′ = Q/K, representing the portion of actual airflow effectively diluting contaminants before they reach the breathing zone.

Reference: p. 634 — Fundamentals of Industrial Hygiene, 5th ed. (2002).",CH20 CIH_EngineeringControls Calculation
State the purging equation from the book.,"Cₜ = C₀ exp(−Q′t/Vᵣ).

Reference: p. 634 — Fundamentals of Industrial Hygiene, 5th ed. (2002).",CH20 CIH_EngineeringControls Calculation
"Using Q=14,961 ft³/min, K=5, Vr=9,000 ft³, and C₀=4,000 ppm, how long to reach 50 ppm after release stops?","Q′≈2,992 ft³/min; t = −Vr/Q′ ln(50/4000) ≈ 13.2 min.

Reference: pp. 634–635 — Fundamentals of Industrial Hygiene, 5th ed. (2002).",CH20 CIH_EngineeringControls Calculation
Why does the purging equation never mathematically reach zero concentration?,"Because exponential decay approaches zero asymptotically rather than reaching exactly zero.

Reference: p. 634 — Fundamentals of Industrial Hygiene, 5th ed. (2002).",CH20 CIH_EngineeringControls Concept
What is the primary purpose of an HVAC system?,"Provide adequate fresh, clean, tempered air to building occupants and help maintain acceptable indoor air quality.

Reference: p. 643 — Fundamentals of Industrial Hygiene, 5th ed. (2002).",CH21 CIH_CommunityExposure Concept
What does OA mean in HVAC terminology?,"Outdoor air.

Reference: p. 643 — Fundamentals of Industrial Hygiene, 5th ed. (2002).",CH21 CIH_CommunityExposure Concept
What is an AHU?,"Air-handling unit—the ventilation equipment in an HVAC system.

Reference: p. 644 — Fundamentals of Industrial Hygiene, 5th ed. (2002).",CH21 CIH_EngineeringControls Concept
What organization is identified as the primary North American association dealing with IAQ issues?,"ASHRAE.

Reference: p. 644 — Fundamentals of Industrial Hygiene, 5th ed. (2002).",CH21 CIH_CommunityExposure Concept
How does acceptable indoor air quality differ from merely having no obvious odor?,"The chapter defines acceptable IAQ using absence of known contaminants at harmful levels plus broad occupant acceptability, not odor alone.

Reference: p. 644 — Fundamentals of Industrial Hygiene, 5th ed. (2002).",CH21 CIH_CommunityExposure Concept
What can cause poor indoor air quality?,"Inadequate outdoor air, pollutant sources, HVAC deficiencies, building materials, moisture/microbial contamination, and poor maintenance.

Reference: pp. 647–650 — Fundamentals of Industrial Hygiene, 5th ed. (2002).",CH21 CIH_CommunityExposure Concept
Why can energy conservation conflict with IAQ?,"Reducing outdoor-air intake can save energy but may allow indoor contaminants to accumulate.

Reference: pp. 643–647 — Fundamentals of Industrial Hygiene, 5th ed. (2002).",CH21 CIH_CommunityExposure Concept
What is a basic troubleshooting principle for HVAC systems?,"Characterize airflow, identify contaminant sources, inspect system operation/maintenance, and verify supply/exhaust paths.

Reference: pp. 650–654 — Fundamentals of Industrial Hygiene, 5th ed. (2002).",CH21 CIH_EngineeringControls Concept
What is a key maintenance measure for IAQ?,"Regular inspection and preventive maintenance of HVAC components and control of moisture/microbial contamination.

Reference: pp. 650–656 — Fundamentals of Industrial Hygiene, 5th ed. (2002).",CH21 CIH_CommunityExposure Concept
Why is outdoor air important in dilution-based IAQ control?,"It provides clean air that can dilute indoor contaminants and remove accumulated pollutants when properly distributed.

Reference: p. 643 — Fundamentals of Industrial Hygiene, 5th ed. (2002).",CH21 CIH_EngineeringControls Concept
Why are respirators considered a less satisfactory means of exposure control?,"They depend on correct selection, fit, fit testing, use, maintenance, and timely replacement and can interfere with comfort, vision, communication, or other functions.

Reference: pp. 667–668 — Fundamentals of Industrial Hygiene, 5th ed. (2002).",CH22 CIH_NonEngineeringControls Concept
When is respiratory protection required according to the chapter's hierarchy?,"When effective engineering/work-practice controls are infeasible or insufficient, during certain maintenance/emergency operations, or in oxygen-deficient atmospheres.

Reference: pp. 667–668 — Fundamentals of Industrial Hygiene, 5th ed. (2002).",CH22 CIH_NonEngineeringControls Concept
What is an air-purifying respirator (APR)?,"A respirator that removes contaminants from ambient air using filters, cartridges, canisters, or combinations.

Reference: pp. 673–688 — Fundamentals of Industrial Hygiene, 5th ed. (2002).",CH22 CIH_NonEngineeringControls Concept
What is an atmosphere-supplying respirator?,"A respirator that supplies breathing air from a source independent of the ambient atmosphere.

Reference: pp. 673–688 — Fundamentals of Industrial Hygiene, 5th ed. (2002).",CH22 CIH_NonEngineeringControls Concept
What is IDLH?,"An atmosphere posing an immediate threat to life, causing irreversible adverse health effects, or impairing the ability to escape.

Reference: p. 692 — Fundamentals of Industrial Hygiene, 5th ed. (2002).",CH22 CIH_NonEngineeringControls Concept
What respirator types does the book identify for IDLH atmospheres?,"A positive-pressure pressure-demand SCBA with at least 30-minute service life, or a pressure-demand full-facepiece air-line respirator with auxiliary self-contained air supply.

Reference: p. 692 — Fundamentals of Industrial Hygiene, 5th ed. (2002).",CH22 CIH_NonEngineeringControls Concept
What is an assigned protection factor (APF) used for?,"To estimate the level of protection expected from a respirator class when properly selected and used.

Reference: pp. 688–692 — Fundamentals of Industrial Hygiene, 5th ed. (2002).",CH22 CIH_NonEngineeringControls Concept
How is maximum use concentration (MUC) calculated in the book?,"MUC = exposure limit × APF, subject to the applicable constraints and IDLH limits.

Reference: p. 692 — Fundamentals of Industrial Hygiene, 5th ed. (2002).",CH22 CIH_NonEngineeringControls Calculation
Calculate MUC for a TLV of 10 ppm and APF of 10.,"MUC = 10 ppm × 10 = 100 ppm.

Reference: p. 692 — Fundamentals of Industrial Hygiene, 5th ed. (2002).",CH22 CIH_NonEngineeringControls Calculation
What is the purpose of fit testing?,"To verify that a tight-fitting respirator facepiece seals adequately to the individual user's face.

Reference: pp. 696–700 — Fundamentals of Industrial Hygiene, 5th ed. (2002).",CH22 CIH_NonEngineeringControls Concept
What is the industrial hygienist's central professional function?,"Anticipate, recognize, evaluate, and control occupational health hazards.

Reference: pp. 727–741 — Fundamentals of Industrial Hygiene, 5th ed. (2002).",CH23 CIH_IHProgram Concept
What scientific areas commonly support IH practice?,"Chemistry, physics, biology, engineering, toxicology, epidemiology/statistics, ergonomics, and related health sciences.

Reference: pp. 727–741 — Fundamentals of Industrial Hygiene, 5th ed. (2002).",CH23 CIH_BasicScience Concept
Why must an IH understand industrial processes?,"Process knowledge is needed to anticipate sources, emission mechanisms, exposure scenarios, and feasible controls.

Reference: pp. 727–741 — Fundamentals of Industrial Hygiene, 5th ed. (2002).",CH23 CIH_WorkEnvironments Concept
What is professional judgment in industrial hygiene?,"The informed application of scientific evidence, measurement data, experience, standards, and uncertainty to occupational health decisions.

Reference: pp. 727–741 — Fundamentals of Industrial Hygiene, 5th ed. (2002).",CH23 CIH_RiskAnalysis Concept
What is a key communication responsibility of the IH?,"Explain hazards, exposure findings, risks, limitations, and control recommendations to affected parties in understandable terms.

Reference: pp. 727–741 — Fundamentals of Industrial Hygiene, 5th ed. (2002).",CH23 CIH_RiskAnalysis Concept
Why does the IH need knowledge of sampling limitations?,"A measured concentration is only meaningful when the sampling strategy, instrument, analytical method, and data quality support the conclusion.

Reference: pp. 727–741 — Fundamentals of Industrial Hygiene, 5th ed. (2002).",CH23 CIH_AirSampling Concept
What is the relationship between IH and safety practice?,"They overlap substantially, and professionals in each area often apply principles from the other discipline.

Reference: pp. 727–741 — Fundamentals of Industrial Hygiene, 5th ed. (2002).",CH23 CIH_IHProgram Concept
What is a major ethical responsibility of an IH?,"Protect worker health and well-being and base professional judgment on recognized scientific principles.

Reference: pp. 727–741 — Fundamentals of Industrial Hygiene, 5th ed. (2002).",CH23 CIH_IHProgram Concept
Why should IH recommendations consider feasibility?,"Controls must be technically appropriate and implementable within the real process, workforce, and operating environment.

Reference: pp. 727–741 — Fundamentals of Industrial Hygiene, 5th ed. (2002).",CH23 CIH_EngineeringControls Concept
What is the value of continuing professional development?,"It keeps the practitioner's technical knowledge current as hazards, standards, methods, and control technologies evolve.

Reference: pp. 727–741 — Fundamentals of Industrial Hygiene, 5th ed. (2002).",CH23 CIH_IHProgram Concept
What is the safety professional's principal focus?,"Prevention and control of safety hazards, incidents, and associated losses through technical and organizational methods.

Reference: pp. 743–763 — Fundamentals of Industrial Hygiene, 5th ed. (2002).",CH24 CIH_IHProgram Concept
What disciplines support safety professional practice?,"Engineering, physics, chemistry, statistics, mathematics, measurement/analysis, human behavior, motivation, and communication.

Reference: pp. 743–763 — Fundamentals of Industrial Hygiene, 5th ed. (2002).",CH24 CIH_BasicScience Concept
Why do safety and industrial hygiene functions overlap?,"Both evaluate workplace hazards and develop controls, and many hazards have both safety and health consequences.

Reference: pp. 743–763 — Fundamentals of Industrial Hygiene, 5th ed. (2002).",CH24 CIH_IHProgram Concept
What is a key difference between acute safety and chronic health hazards?,"Safety hazards often produce immediate injury potential, while occupational health hazards may produce disease or impairment after repeated or prolonged exposure.

Reference: pp. 743–763 — Fundamentals of Industrial Hygiene, 5th ed. (2002).",CH24 CIH_RiskAnalysis Concept
Why is communication important to safety professionals?,"Controls depend on workers and managers understanding hazards, expectations, procedures, and consequences.

Reference: pp. 743–763 — Fundamentals of Industrial Hygiene, 5th ed. (2002).",CH24 CIH_RiskAnalysis Concept
What role can the safety professional play in incident investigation?,"Identify causal factors and contributing conditions and recommend corrective actions to prevent recurrence.

Reference: pp. 743–763 — Fundamentals of Industrial Hygiene, 5th ed. (2002).",CH24 CIH_IHProgram Concept
What is the value of management involvement in safety and health?,"Visible management commitment supports accountability, resources, participation, and implementation of controls.

Reference: pp. 743–763 — Fundamentals of Industrial Hygiene, 5th ed. (2002).",CH24 CIH_IHProgram Concept
Why should safety and IH programs be coordinated?,"Many hazards require integrated assessment and controls, and coordination avoids conflicting or duplicated efforts.

Reference: pp. 743–763 — Fundamentals of Industrial Hygiene, 5th ed. (2002).",CH24 CIH_IHProgram Concept
What is an example of a shared control between safety and IH?,"Machine/process enclosure, ventilation, isolation, training, PPE, or work-practice controls may address both safety and health hazards.

Reference: pp. 743–763 — Fundamentals of Industrial Hygiene, 5th ed. (2002).",CH24 CIH_EngineeringControls Concept
What is a practical characteristic of an effective safety program?,"Clear responsibilities, hazard identification, risk control, training, employee involvement, evaluation, and follow-up.

Reference: pp. 743–763 — Fundamentals of Industrial Hygiene, 5th ed. (2002).",CH24 CIH_IHProgram Concept
What is occupational medicine?,"A medical field focused on worker health in relation to work, including prevention, diagnosis, treatment, surveillance, and fitness for work.

Reference: pp. 765–773 — Fundamentals of Industrial Hygiene, 5th ed. (2002).",CH25 CIH_IHProgram Concept
Why must occupational medicine work closely with industrial hygiene?,"Medical findings and exposure information complement each other in recognizing work-related disease and preventing exposure.

Reference: pp. 765–773 — Fundamentals of Industrial Hygiene, 5th ed. (2002).",CH25 CIH_IHProgram Concept
What is the role of medical surveillance?,"To identify health effects or early indicators associated with workplace hazards and help evaluate the effectiveness of preventive measures.

Reference: pp. 765–773 — Fundamentals of Industrial Hygiene, 5th ed. (2002).",CH25 CIH_RiskAnalysis Concept
What is fitness-for-duty assessment?,"Evaluation of whether a worker's health status is compatible with the essential demands and hazards of a job.

Reference: pp. 765–773 — Fundamentals of Industrial Hygiene, 5th ed. (2002).",CH25 CIH_RiskAnalysis Concept
Why is exposure history important to occupational medicine?,"It provides context for interpreting symptoms, test results, disease patterns, and possible work-related causation.

Reference: pp. 765–773 — Fundamentals of Industrial Hygiene, 5th ed. (2002).",CH25 CIH_Toxicology Concept
What is preplacement medical evaluation intended to accomplish?,"Identify relevant health conditions and establish whether a worker can safely perform the job given its demands and hazards.

Reference: pp. 765–773 — Fundamentals of Industrial Hygiene, 5th ed. (2002).",CH25 CIH_RiskAnalysis Concept
How can medical findings support an IH program?,"They can identify patterns suggesting inadequate control or previously unrecognized hazards, prompting further exposure evaluation.

Reference: pp. 765–773 — Fundamentals of Industrial Hygiene, 5th ed. (2002).",CH25 CIH_IHProgram Concept
Why is confidentiality important in occupational medicine?,"Personal medical information must be protected while communicating the information necessary for health and safety decisions.

Reference: pp. 765–773 — Fundamentals of Industrial Hygiene, 5th ed. (2002).",CH25 CIH_IHProgram Concept
What is the preventive emphasis of occupational medicine?,"Prevent work-related disease and injury rather than relying solely on diagnosis and treatment after harm occurs.

Reference: pp. 765–773 — Fundamentals of Industrial Hygiene, 5th ed. (2002).",CH25 CIH_IHProgram Concept
Why should medical and exposure data be interpreted together?,"Health outcomes alone do not define exposure, and exposure measurements alone do not establish disease; the two streams provide complementary evidence.

Reference: pp. 765–773 — Fundamentals of Industrial Hygiene, 5th ed. (2002).",CH25 CIH_RiskAnalysis Concept
What is occupational health nursing focused on?,"Promotion, protection, and restoration of worker health within the context of a safe and healthy work environment.

Reference: pp. 775–791 — Fundamentals of Industrial Hygiene, 5th ed. (2002).",CH26 CIH_IHProgram Concept
What is a primary-prevention orientation in occupational health nursing?,"Emphasis on preventing injury and illness before they occur through hazard control, health promotion, education, and surveillance.

Reference: pp. 775–791 — Fundamentals of Industrial Hygiene, 5th ed. (2002).",CH26 CIH_IHProgram Concept
What is case management?,"Coordinating care and return-to-work processes for workers who become injured or ill.

Reference: pp. 775–791 — Fundamentals of Industrial Hygiene, 5th ed. (2002).",CH26 CIH_IHProgram Concept
What health education functions can an occupational health nurse perform?,"Counseling, health education, training, prevention programs, and worker communication.

Reference: pp. 775–791 — Fundamentals of Industrial Hygiene, 5th ed. (2002).",CH26 CIH_RiskAnalysis Concept
Why is the worksite important to occupational health nursing?,"It provides the context in which work exposures, job demands, health status, and prevention opportunities interact.

Reference: pp. 775–791 — Fundamentals of Industrial Hygiene, 5th ed. (2002).",CH26 CIH_WorkEnvironments Concept
How can OHNs contribute to exposure assessment?,"They can provide clinical observations, worker histories, health trends, and information about symptoms associated with work tasks.

Reference: pp. 775–791 — Fundamentals of Industrial Hygiene, 5th ed. (2002).",CH26 CIH_AirSampling Concept
Why is interdisciplinary cooperation important?,"IH, nursing, medicine, safety, management, and employees contribute different information needed for comprehensive prevention.

Reference: pp. 775–791 — Fundamentals of Industrial Hygiene, 5th ed. (2002).",CH26 CIH_IHProgram Concept
What is health promotion?,"Efforts that support workers in improving and maintaining health, in addition to preventing occupational disease.

Reference: pp. 775–791 — Fundamentals of Industrial Hygiene, 5th ed. (2002).",CH26 CIH_IHProgram Concept
What is secondary prevention?,"Early detection and intervention to prevent progression of disease or impairment.

Reference: pp. 775–791 — Fundamentals of Industrial Hygiene, 5th ed. (2002).",CH26 CIH_RiskAnalysis Concept
What is tertiary prevention?,"Management of established disease or impairment to reduce disability and restore function where possible.

Reference: pp. 775–791 — Fundamentals of Industrial Hygiene, 5th ed. (2002).",CH26 CIH_RiskAnalysis Concept
What is the primary objective of an industrial hygiene program?,"Prevention of occupational disease and injury through anticipation, recognition, evaluation, and control of health hazards.

Reference: p. 793 — Fundamentals of Industrial Hygiene, 5th ed. (2002).",CH27 CIH_IHProgram Concept
What three characterizations begin the exposure-assessment strategy described in Chapter 27?,"Workplace characterization, workforce characterization, and agent characterization.

Reference: pp. 795–796 — Fundamentals of Industrial Hygiene, 5th ed. (2002).",CH27 CIH_AirSampling Concept
What is a similar exposure group (SEG)?,"A group of workers expected to have the same or similar exposure profile to an environmental agent based on workplace, workforce, and agent information.

Reference: p. 796 — Fundamentals of Industrial Hygiene, 5th ed. (2002).",CH27 CIH_AirSampling Concept
What is workplace characterization?,"Description of workplace processes and operations, emphasizing areas with potential exposure to environmental hazards.

Reference: p. 796 — Fundamentals of Industrial Hygiene, 5th ed. (2002).",CH27 CIH_AirSampling Concept
What is workforce characterization?,"Grouping and description of employees with similar work duties or job classifications.

Reference: p. 796 — Fundamentals of Industrial Hygiene, 5th ed. (2002).",CH27 CIH_AirSampling Concept
What is agent characterization?,"An inventory and description of environmental agents, including health effects, use, quantities, and physical properties.

Reference: p. 796 — Fundamentals of Industrial Hygiene, 5th ed. (2002).",CH27 CIH_AirSampling Concept
What are common subcategories of an IH program listed in the book?,"Health/safety policy, management responsibilities, hazard communication, chemical/equipment authorization, exposure assessment, ventilation, IAQ, ergonomics, radiation, hearing conservation, toxic gases, biohazards, PPE, emergency response, inspections/audits, and related areas.

Reference: p. 796 — Fundamentals of Industrial Hygiene, 5th ed. (2002).",CH27 CIH_IHProgram Concept
What are the five phases of an audit described in the chapter?,"Opening conference; information gathering; analysis/confirmation; closing conference; report of findings.

Reference: p. 800 — Fundamentals of Industrial Hygiene, 5th ed. (2002).",CH27 CIH_IHProgram Concept
Why is audit follow-up essential?,"Without action plans, progress reports, or follow-up audits, much of the audit's value can be lost.

Reference: p. 800 — Fundamentals of Industrial Hygiene, 5th ed. (2002).",CH27 CIH_IHProgram Concept
What does effective training require according to the chapter?,"A demonstrated need, clear measurable objectives, activities that build the desired skills/knowledge, participation and practice, evaluation, and revision when needed.

Reference: pp. 798–799 — Fundamentals of Industrial Hygiene, 5th ed. (2002).",CH27 CIH_IHProgram Concept
What was the main regulatory situation before 1970 described in the book?,"Occupational safety and health regulation was largely a state responsibility, with limited uniformity and enforcement.

Reference: p. 807 — Fundamentals of Industrial Hygiene, 5th ed. (2002).",CH28 CIH_IHProgram Concept
What federal law created OSHA?,"The Occupational Safety and Health Act of 1970 (OSHAct).

Reference: pp. 807–810 — Fundamentals of Industrial Hygiene, 5th ed. (2002).",CH28 CIH_IHProgram Concept
What broad authority does the OSHAct give the Secretary of Labor?,"Authority to promulgate/modify/revoke standards, conduct inspections and investigations, issue citations and penalties, require records, address imminent danger, and oversee state plans.

Reference: p. 808 — Fundamentals of Industrial Hygiene, 5th ed. (2002).",CH28 CIH_IHProgram Concept
What is a PEL?,"A Permissible Exposure Limit established by OSHA and carrying the force of law.

Reference: pp. 809–810 — Fundamentals of Industrial Hygiene, 5th ed. (2002).",CH28 CIH_RiskAnalysis Concept
What is a NIOSH REL?,"A Recommended Exposure Limit developed by NIOSH to guide occupational exposure control and OSHA rulemaking.

Reference: pp. 809–810 — Fundamentals of Industrial Hygiene, 5th ed. (2002).",CH28 CIH_RiskAnalysis Concept
What is an ACGIH TLV?,"A health-based guideline published by ACGIH; the book emphasizes that TLVs are not mandatory OSHA standards.

Reference: p. 24 — Fundamentals of Industrial Hygiene, 5th ed. (2002).",CH28 CIH_RiskAnalysis Concept
Why should a hygienist distinguish PELs from TLVs?,"They differ in legal status and development; a TLV is a voluntary professional guideline, whereas an OSHA PEL is a regulatory requirement.

Reference: p. 24 — Fundamentals of Industrial Hygiene, 5th ed. (2002).",CH28 CIH_RiskAnalysis Concept
What is an OSHA standard?,"A legally enforceable occupational safety or health requirement promulgated under federal authority.

Reference: pp. 807–823 — Fundamentals of Industrial Hygiene, 5th ed. (2002).",CH28 CIH_IHProgram Concept
What is an imminent danger concept?,"A situation in which workplace conditions could reasonably be expected to cause death or serious physical harm before normal enforcement procedures could eliminate the danger.

Reference: pp. 808–823 — Fundamentals of Industrial Hygiene, 5th ed. (2002).",CH28 CIH_IHProgram Concept
Why are recordkeeping requirements important?,"They support regulatory compliance, program evaluation, trend analysis, and documentation of occupational injuries/illnesses and hazards.

Reference: pp. 807–823 — Fundamentals of Industrial Hygiene, 5th ed. (2002).",CH28 CIH_IHProgram Concept
When was the Occupational Safety and Health Act adopted?,"December 1970, according to the history presented in Chapter 29.

Reference: pp. 825–827 — Fundamentals of Industrial Hygiene, 5th ed. (2002).",CH29 CIH_IHProgram Concept
What federal agency was created by the OSHAct to administer and enforce occupational safety and health standards?,"The Occupational Safety and Health Administration (OSHA).

Reference: pp. 825–830 — Fundamentals of Industrial Hygiene, 5th ed. (2002).",CH29 CIH_IHProgram Concept
What independent commission did the OSHAct establish to review OSHA contested cases?,"The Occupational Safety and Health Review Commission (OSHRC).

Reference: pp. 900–901 — Fundamentals of Industrial Hygiene, 5th ed. (2002).",CH29 CIH_IHProgram Concept
What is the basic purpose of OSHA's enforcement function?,"To promote compliance with occupational safety and health requirements and protect workers through standards, inspections, citations, and related activities.

Reference: pp. 825–892 — Fundamentals of Industrial Hygiene, 5th ed. (2002).",CH29 CIH_IHProgram Concept
What was a major development in OSHA's noise regulation history described in the chapter?,"The Hearing Conservation Amendment became effective in 1983 after extensive rulemaking and litigation.

Reference: pp. 870–875 — Fundamentals of Industrial Hygiene, 5th ed. (2002).",CH29 CIH_Noise Concept
What is OSHA's relationship with state-plan states?,"States may operate approved occupational safety and health programs under plans meeting federal requirements, subject to federal oversight.

Reference: pp. 878–883 — Fundamentals of Industrial Hygiene, 5th ed. (2002).",CH29 CIH_IHProgram Concept
What role did OSHA voluntary programs play in the history described?,"They encouraged employer participation beyond enforcement, including consultation and Voluntary Protection Programs.

Reference: pp. 874–875 — Fundamentals of Industrial Hygiene, 5th ed. (2002).",CH29 CIH_IHProgram Concept
Why is OSHA rulemaking history relevant to IH practice?,"It explains how standards, enforcement policies, legal challenges, and regulatory decisions shape the requirements under which hygienists work.

Reference: pp. 825–892 — Fundamentals of Industrial Hygiene, 5th ed. (2002).",CH29 CIH_IHProgram Concept
What is a key lesson from the chapter's history of litigation?,"OSHA standards and enforcement have repeatedly been shaped by statutory interpretation, court decisions, stakeholder challenges, and administrative processes.

Reference: pp. 850–892 — Fundamentals of Industrial Hygiene, 5th ed. (2002).",CH29 CIH_IHProgram Concept
Why should current OSHA requirements be checked rather than relying on this 2002 history alone?,"Regulations and interpretations can change after publication; the chapter provides historical context, not a current regulatory database.

Reference: pp. 825–892 — Fundamentals of Industrial Hygiene, 5th ed. (2002).",CH29 CIH_IHProgram Concept
What is the legal status of an ACGIH TLV according to this book?,"It is a voluntary advisory guideline, not a mandatory federal or state employee-exposure standard.

Reference: pp. 24, 919+ — Fundamentals of Industrial Hygiene, 5th ed. (2002).",APP_B CIH_RiskAnalysis Concept
What is the purpose of TLVs according to the ACGIH description reproduced in the book?,"They are guides intended to assist in controlling health hazards, not precise boundaries between safe and dangerous concentrations.

Reference: p. 139 — Fundamentals of Industrial Hygiene, 5th ed. (2002).",APP_B CIH_RiskAnalysis Concept
What is a BEI?,"An ACGIH advisory biological limit value based on a determinant measured in biological media such as urine, blood, or expired air.

Reference: p. 1004 (glossary) — Fundamentals of Industrial Hygiene, 5th ed. (2002).",APP_B CIH_RiskAnalysis Concept
What can a BEI measure?,"The substance itself, a metabolite, or another biological determinant associated with exposure.

Reference: p. 1004 (glossary) — Fundamentals of Industrial Hygiene, 5th ed. (2002).",APP_B CIH_RiskAnalysis Concept
What is a key advantage of biological monitoring compared with air sampling?,"Biological monitoring can provide information about absorbed dose from all exposure routes and physiological effects of the total absorbed dose.

Reference: pp. 923–924 — Fundamentals of Industrial Hygiene, 5th ed. (2002).",APP_B CIH_AirSampling Concept
What are the three TLV categories described in the book?,"TLV-TWA, TLV-STEL, and TLV-Ceiling.

Reference: pp. 24, 919+ — Fundamentals of Industrial Hygiene, 5th ed. (2002).",APP_B CIH_RiskAnalysis Concept
How long is the TLV-STEL averaging period?,"15 minutes.

Reference: p. 24 — Fundamentals of Industrial Hygiene, 5th ed. (2002).",APP_B CIH_RiskAnalysis Concept
How often may exposures above the TLV-TWA but at or below the STEL occur according to the book?,"No more than four times per workday, with at least 60 minutes between successive exposures in that range.

Reference: p. 24 — Fundamentals of Industrial Hygiene, 5th ed. (2002).",APP_B CIH_RiskAnalysis Concept
What is a ceiling limit intended to represent?,"A concentration that should not be exceeded during any part of the working exposure.

Reference: p. 24 — Fundamentals of Industrial Hygiene, 5th ed. (2002).",APP_B CIH_RiskAnalysis Concept
"At STP, what molar volume does the book use for an ideal gas?","22.4 L per gram-mole at 0°C and 760 mmHg.

Reference: p. 512 — Fundamentals of Industrial Hygiene, 5th ed. (2002).",APP_C CIH_BasicScience Concept
"At 25°C and the same pressure, what molar volume does the book use?","24.45 L per gram-mole.

Reference: p. 512 — Fundamentals of Industrial Hygiene, 5th ed. (2002).",APP_C CIH_BasicScience Concept
What is the relationship between ppm and volume fraction?,"ppm is a volume-to-volume expression: parts of contaminant per million parts of air.

Reference: p. 512 — Fundamentals of Industrial Hygiene, 5th ed. (2002).",APP_C CIH_BasicScience Concept
What is 1% by volume in ppm?,"10,000 ppm.

Reference: p. 157 — Fundamentals of Industrial Hygiene, 5th ed. (2002).",APP_C CIH_BasicScience Calculation
What gas-law relationship is used when temperature is constant?,"P₁V₁ = P₂V₂; gas volume varies inversely with pressure at constant temperature.

Reference: p. 512 — Fundamentals of Industrial Hygiene, 5th ed. (2002).",APP_C CIH_BasicScience Calculation
What gas-law relationship applies at constant pressure?,"Gas volume is directly proportional to absolute temperature (Kelvin or Rankine).

Reference: p. 512 — Fundamentals of Industrial Hygiene, 5th ed. (2002).",APP_C CIH_BasicScience Concept
What is the rule for significant figures in addition/subtraction?,"The result must not have more decimal places than the number with the fewest decimal places.

Reference: p. 995 — Fundamentals of Industrial Hygiene, 5th ed. (2002).",APP_D CIH_BasicScience Concept
What is the rule for significant figures in multiplication/division?,"The result must not have more significant digits than the factor with the fewest significant digits.

Reference: p. 995 — Fundamentals of Industrial Hygiene, 5th ed. (2002).",APP_D CIH_BasicScience Concept
"Write 5,320,000 in scientific notation with three significant digits.","5.32 × 10⁶.

Reference: p. 995 — Fundamentals of Industrial Hygiene, 5th ed. (2002).",APP_D CIH_BasicScience Calculation
What is a logarithm?,"The exponent to which a selected base must be raised to produce a number: aˣ = y is equivalent to x = logₐ y.

Reference: p. 996 — Fundamentals of Industrial Hygiene, 5th ed. (2002).",APP_D CIH_BasicScience Concept
What is the base of common logarithms?,"10.

Reference: p. 996 — Fundamentals of Industrial Hygiene, 5th ed. (2002).",APP_D CIH_BasicScience Concept
What is the base of natural logarithms?,"e ≈ 2.71828.

Reference: p. 996 — Fundamentals of Industrial Hygiene, 5th ed. (2002).",APP_D CIH_BasicScience Concept
What is the relationship between geometric mean and log-transformed data?,"For lognormal data, the geometric mean is the antilog of the mean of the logarithmically transformed observations.

Reference: p. 997 — Fundamentals of Industrial Hygiene, 5th ed. (2002).",APP_D CIH_BiostatsEpi Concept
What does a GSD of 1.0 indicate?,"No variability in the environmental measurements represented by the GSD.

Reference: p. 998 — Fundamentals of Industrial Hygiene, 5th ed. (2002).",APP_D CIH_BiostatsEpi Concept
What does a GSD of 2.0 or greater indicate according to the book?,"Relatively high environmental variability.

Reference: p. 998 — Fundamentals of Industrial Hygiene, 5th ed. (2002).",APP_D CIH_BiostatsEpi Concept
What three components contribute to variability in occupational environmental data?,"Random sampling-method error, random analytical-method error, and environmental variability over time.

Reference: p. 997 — Fundamentals of Industrial Hygiene, 5th ed. (2002).",APP_D CIH_BiostatsEpi Concept
When should a lognormal distribution generally be assumed for occupational exposure data?,"When multiple samples are used to characterize average employee exposure.

Reference: p. 997 — Fundamentals of Industrial Hygiene, 5th ed. (2002).",APP_D CIH_BiostatsEpi Concept
When does the book say a normal distribution may be used for exposure evaluation?,"For a ceiling check or when sampling covers the entire time period for which the standard is defined, so environmental time variability is represented in the sample.

Reference: p. 997 — Fundamentals of Industrial Hygiene, 5th ed. (2002).",APP_D CIH_BiostatsEpi Concept
What is the coefficient of variation (CV)?,"A measure of relative variability, also called relative standard deviation.

Reference: p. 997 — Fundamentals of Industrial Hygiene, 5th ed. (2002).",APP_D CIH_BiostatsEpi Concept
What approximate fraction of measurements fall within ±2 CV of the true mean for a nonvarying property?,"About 95%.

Reference: p. 997 — Fundamentals of Industrial Hygiene, 5th ed. (2002).",APP_D CIH_BiostatsEpi Concept
What is the dB equation used in the appendix example for relative loudness?,"N₍dB₎ = 10 log₁₀(N₂/N₁).

Reference: p. 996 — Fundamentals of Industrial Hygiene, 5th ed. (2002).",APP_D CIH_Noise Calculation
A worker has 50 ppm exposure for 2 h and 0 ppm for 6 h. What is the 8-h TWA?,"TWA = [(50×2)+(0×6)]/8 = 12.5 ppm.

Reference: p. 514 — Fundamentals of Industrial Hygiene, 5th ed. (2002).",INTEGRATED CIH_AirSampling Calculation
A worker has 100 ppm exposure for 30 min in an 8-h shift and 0 ppm otherwise. What is the 8-h TWA?,"TWA = 100×0.5/8 = 6.25 ppm.

Reference: p. 514 — Fundamentals of Industrial Hygiene, 5th ed. (2002).",INTEGRATED CIH_AirSampling Calculation
A pump runs at 2.5 L/min for 480 min. What volume of air is sampled?,"V = 2.5×480 = 1,200 L = 1.20 m³.

Reference: p. 531 — Fundamentals of Industrial Hygiene, 5th ed. (2002).",INTEGRATED CIH_AirSampling Calculation
A filter collects 6 mg of contaminant while 1.20 m³ of air is sampled. What is the airborne concentration?,"C = 6 mg/1.20 m³ = 5.0 mg/m³.

Reference: p. 523 — Fundamentals of Industrial Hygiene, 5th ed. (2002).",INTEGRATED CIH_AirSampling Calculation
A personal sample is collected at a fixed location 20 ft from the worker. Is it automatically representative of the worker's exposure?,"No. The book identifies personal sampling in the breathing zone as preferred because fixed-location conditions may differ from those experienced by the worker.

Reference: p. 523 — Fundamentals of Industrial Hygiene, 5th ed. (2002).",INTEGRATED CIH_AirSampling Concept
A sampling method is consistently 15% high because the calibration is wrong. Is this primarily an accuracy or precision problem?,"Accuracy. The systematic bias moves results away from the true value.

Reference: p. 510 — Fundamentals of Industrial Hygiene, 5th ed. (2002).",INTEGRATED CIH_BiostatsEpi Concept
Repeated samples fluctuate widely because workplace concentrations vary from day to day. Is this primarily random variability or systematic bias?,"Random/environmental variability; it affects precision rather than creating a consistent bias.

Reference: pp. 510, 997 — Fundamentals of Industrial Hygiene, 5th ed. (2002).",INTEGRATED CIH_BiostatsEpi Concept
"If a lognormal exposure distribution has GSD=1.0, what does that imply?","The book treats GSD=1.0 as no environmental variability.

Reference: p. 998 — Fundamentals of Industrial Hygiene, 5th ed. (2002).",INTEGRATED CIH_BiostatsEpi Concept
"If an exposure dataset is positively skewed with a long high-concentration tail, what distribution is a reasonable starting assumption for repeated workplace exposure data?","A lognormal distribution.

Reference: p. 995 — Fundamentals of Industrial Hygiene, 5th ed. (2002).",INTEGRATED CIH_BiostatsEpi Concept
"A contaminant has a TLV-TWA of 10 ppm and a measured 8-h TWA of 8 ppm, but a 15-min exposure reaches 15 ppm. What additional criterion must be checked?","The applicable TLV-STEL or ceiling criterion; being below the TWA does not by itself rule out a short-term overexposure.

Reference: p. 24 — Fundamentals of Industrial Hygiene, 5th ed. (2002).",INTEGRATED CIH_RiskAnalysis Concept
Why can an exposure below a TLV still warrant investigation?,"TLVs are guides rather than absolute safe/unsafe boundaries, and individual susceptibility or other circumstances can warrant further evaluation.

Reference: pp. 24, 139 — Fundamentals of Industrial Hygiene, 5th ed. (2002).",INTEGRATED CIH_RiskAnalysis Concept
"A chemical has no OSHA PEL, NIOSH REL, or ACGIH TLV. What information sources can an IH use?","Internal exposure guidelines, toxicology data, literature, health surveys, manufacturer information, and other credible sources; the book emphasizes using the best available information.

Reference: p. 488 — Fundamentals of Industrial Hygiene, 5th ed. (2002).",INTEGRATED CIH_RiskAnalysis Concept
A dense vapor leak occurs in a large quantity from a compressed-gas source. Is a floor-level hood potentially useful?,"Yes, a substantial dense-gas/vapor release can form a ground-hugging plume, making low-level capture potentially advantageous.

Reference: p. 620 — Fundamentals of Industrial Hygiene, 5th ed. (2002).",INTEGRATED CIH_EngineeringControls Concept
"A small amount of a dense solvent vapor is present at 1,000 ppm. Should you assume it will all remain on the floor because it is denser than air?","No. At such dilute concentrations, the vapor-air mixture density is close to that of air and random air currents can disperse it.

Reference: p. 620 — Fundamentals of Industrial Hygiene, 5th ed. (2002).",INTEGRATED CIH_EngineeringControls Concept
A hood captures dust poorly because the worker stands between the source and hood. What design principle has been violated?,"The hood should be positioned so the contaminant is moved away from the operator's breathing zone before capture.

Reference: p. 595 — Fundamentals of Industrial Hygiene, 5th ed. (2002).",INTEGRATED CIH_EngineeringControls Concept
Why is a close-fitting hood attractive for dusty portable-tool operations?,"It can achieve high capture velocity with relatively low exhaust volume, reducing the airflow requirement.

Reference: p. 596 — Fundamentals of Industrial Hygiene, 5th ed. (2002).",INTEGRATED CIH_EngineeringControls Concept
"A particulate LEV duct operates at 1,000 ft/min and material is settling. What fundamental design issue should be investigated?","Insufficient transport velocity; the book cites roughly 3,000–4,000 ft/min as a common minimum range for ordinary dusts.

Reference: p. 624 — Fundamentals of Industrial Hygiene, 5th ed. (2002).",INTEGRATED CIH_EngineeringControls Concept
"If an LEV duct diameter is reduced while airflow remains constant, what happens to average duct velocity?","It increases because the same airflow passes through a smaller cross-sectional area.

Reference: pp. 623–624 — Fundamentals of Industrial Hygiene, 5th ed. (2002).",INTEGRATED CIH_EngineeringControls Calculation
"If an LEV duct diameter is reduced while airflow remains constant, what happens qualitatively to pressure loss?","It increases because the higher velocity produces greater friction and pressure losses, potentially increasing fan power requirements.

Reference: p. 624 — Fundamentals of Industrial Hygiene, 5th ed. (2002).",INTEGRATED CIH_EngineeringControls Concept
A process emits contaminant continuously but only a small number of workers are near the source. Which ventilation approach is generally favored?,"Local exhaust ventilation, because it captures the contaminant at the source and generally needs less airflow than dilution.

Reference: p. 595 — Fundamentals of Industrial Hygiene, 5th ed. (2002).",INTEGRATED CIH_EngineeringControls Concept
"A spill has stopped and the remaining room concentration is 4,000 ppm. If effective ventilation Q′ doubles, what happens to the time needed to reach a specified lower concentration?","It is approximately halved, because t is proportional to 1/Q′ in the exponential purging relationship.

Reference: p. 634 — Fundamentals of Industrial Hygiene, 5th ed. (2002).",INTEGRATED CIH_EngineeringControls Calculation
"For the book's dilution equation, if the target concentration L is cut in half while everything else remains constant, what happens to required Q?","Q doubles, because Q is inversely proportional to L.

Reference: p. 633 — Fundamentals of Industrial Hygiene, 5th ed. (2002).",INTEGRATED CIH_EngineeringControls Calculation
"For the book's dilution equation, if the safety factor K rises from 3 to 6, what happens to Q?","Q doubles, because Q is directly proportional to K.

Reference: p. 633 — Fundamentals of Industrial Hygiene, 5th ed. (2002).",INTEGRATED CIH_EngineeringControls Calculation
"If an indoor WBGT is calculated from Tnwb=20°C and Tgt=30°C, what is WBGTin?","0.7(20)+0.3(30)=14+9=23°C.

Reference: p. 329 — Fundamentals of Industrial Hygiene, 5th ed. (2002).",INTEGRATED CIH_ThermalStress Calculation
"If outdoor WBGT uses Tnwb=25°C, Tgt=35°C, and Tdb=30°C, what is WBGTout?","0.7(25)+0.2(35)+0.1(30)=17.5+7+3=27.5°C.

Reference: p. 329 — Fundamentals of Industrial Hygiene, 5th ed. (2002).",INTEGRATED CIH_ThermalStress Calculation
Why should WBGT not be the sole method when impermeable clothing substantially limits evaporation?,"The book states that NIOSH advises against using WBGT in that situation because evaporative cooling is restricted; heat-strain monitoring may be more feasible.

Reference: p. 329; pp. 333–335 — Fundamentals of Industrial Hygiene, 5th ed. (2002).",INTEGRATED CIH_ThermalStress Concept
A worker's one-minute recovery heart rate is 105 bpm. How does that compare with the book's cited HRR1 criterion for effective heat-stress control?,"It is below the cited criterion of 110 bpm.

Reference: p. 342 — Fundamentals of Industrial Hygiene, 5th ed. (2002).",INTEGRATED CIH_ThermalStress Concept
A worker is exposed to 90 dBA for 4 h and 95 dBA for 2 h. What is the OSHA mixed dose using the book's table?,"4/8 + 2/4 = 1.0, or 100% dose.

Reference: p. 224 — Fundamentals of Industrial Hygiene, 5th ed. (2002).",INTEGRATED CIH_Noise Calculation
A worker is exposed to 100 dBA for 2 h and 110 dBA for 0.5 h. What is the OSHA mixed dose?,"2/2 + 0.5/0.5 = 2.0, or 200% dose.

Reference: p. 225 — Fundamentals of Industrial Hygiene, 5th ed. (2002).",INTEGRATED CIH_Noise Calculation
Why can octave-band analysis be more useful than a single dBA value when designing noise controls?,"It identifies where noise energy lies across frequencies, which helps select appropriate engineering controls.

Reference: p. 220 — Fundamentals of Industrial Hygiene, 5th ed. (2002).",INTEGRATED CIH_Noise Concept
A sound level meter is used for an OSHA compliance measurement. Should it use fast or slow response according to the book?,"Slow response.

Reference: p. 220 — Fundamentals of Industrial Hygiene, 5th ed. (2002).",INTEGRATED CIH_Noise Concept
An employee has normal hearing in one ear and 100% impairment in the other. What binaural impairment does the book's AMA example produce?,"17%: [(5×0%) + 100%]/6 = 16.7%, rounded to 17%.

Reference: p. 96 — Fundamentals of Industrial Hygiene, 5th ed. (2002).",INTEGRATED CIH_Noise Calculation
A 100% binaural hearing impairment in the book's example translates to what whole-person impairment?,"The example's 17% binaural impairment translates to 6% whole-person impairment.

Reference: p. 96 — Fundamentals of Industrial Hygiene, 5th ed. (2002).",INTEGRATED CIH_Noise Concept
Why is carbon monoxide classified as a chemical asphyxiant in the book?,"It binds hemoglobin and interferes with oxygen transport rather than simply displacing oxygen.

Reference: p. 132 — Fundamentals of Industrial Hygiene, 5th ed. (2002).",INTEGRATED CIH_Toxicology Concept
Why is methane a simple asphyxiant?,"It can displace oxygen from the atmosphere, reducing the oxygen available for breathing.

Reference: p. 1001 (glossary) — Fundamentals of Industrial Hygiene, 5th ed. (2002).",INTEGRATED CIH_Toxicology Concept
What does LD50 mean?,"The dose expected to kill 50% of a defined experimental animal population, for routes other than inhalation.

Reference: p. 126 — Fundamentals of Industrial Hygiene, 5th ed. (2002).",INTEGRATED CIH_Toxicology Concept
What does LC50 mean?,"The airborne concentration expected to kill 50% of a defined experimental animal population during a stated exposure period.

Reference: p. 127 — Fundamentals of Industrial Hygiene, 5th ed. (2002).",INTEGRATED CIH_Toxicology Concept
Why must exposure duration accompany an LC value?,"A given concentration can produce different effects depending on exposure duration, so the time period is integral to interpreting the LC.

Reference: p. 127 — Fundamentals of Industrial Hygiene, 5th ed. (2002).",INTEGRATED CIH_Toxicology Concept
What are the three components of an exposure-assessment characterization before grouping SEGs?,"Workplace, workforce, and agent characterization.

Reference: pp. 795–796 — Fundamentals of Industrial Hygiene, 5th ed. (2002).",INTEGRATED CIH_IHProgram Concept
A training course gives employees information but does not change behavior because the issue is lack of motivation. Is training alone likely to solve the problem?,"No. The chapter states training can address lack of knowledge or incorrect knowledge, but not effectively a lack of motivation or attention.

Reference: p. 798 — Fundamentals of Industrial Hygiene, 5th ed. (2002).",INTEGRATED CIH_IHProgram Concept
